{"loss": 2.3452420234680176, "time": 5054.008867740631, "step": 7400, "_timestamp": 1713268855.594632, "_runtime": 5056.973693847656, "_step": 89, "valid_loss": 2.4242589473724365, "valid_perplexity": 11.29385757446289}