{"loss": 0.6159585118293762, "time": 5190.604063749313, "step": 7100, "_timestamp": 1713268841.0058002, "_runtime": 5196.042418241501, "_step": 86, "valid_loss": 3.178135633468628, "valid_perplexity": 24.001962661743164}