{"loss": 1.6139668226242065, "time": 5028.668393611908, "step": 7300, "_timestamp": 1713268825.5674849, "_runtime": 5031.537709951401, "_step": 88, "valid_loss": 1.989720106124878, "valid_perplexity": 7.313486576080322}