{"loss": 9.366500854492188, "time": 0.8428444862365723, "step": 0, "_timestamp": 1713263506.875796, "_runtime": 4.938529014587402, "_step": 1, "valid_loss": 7.998114585876465, "valid_perplexity": 2975.343017578125, "_wandb": {"runtime": 4}}