{"loss": 9.37079906463623, "time": 1.8247833251953125, "step": 0, "_timestamp": 1713263514.2092347, "_runtime": 5.235564708709717, "_step": 1, "valid_loss": 7.979499816894531, "valid_perplexity": 2920.47021484375, "_wandb": {"runtime": 4}}