{"loss": 5.799516677856445, "time": 5004.099118471146, "step": 6900, "_timestamp": 1713268801.163268, "_runtime": 5006.90979719162, "_step": 83, "valid_loss": 5.87702751159668, "valid_perplexity": 356.74725341796875}