{"loss": 2.63700532913208, "time": 219.569598197937, "step": 300, "_timestamp": 1713268609.869501, "_runtime": 226.53779911994934, "_step": 4, "valid_loss": 7.8811564445495605, "valid_perplexity": 2646.931884765625, "_wandb": {"runtime": 231}}