{"loss": 0.7179743647575378, "time": 5207.003986597061, "step": 26200, "_timestamp": 1713268857.4034805, "_runtime": 5212.419954538345, "_step": 315, "valid_loss": 2.8346171379089355, "valid_perplexity": 17.023881912231445}