{"loss": 9.369051933288574, "time": 1.6187434196472168, "step": 0, "_timestamp": 1713263514.0268016, "_runtime": 5.052032470703125, "_step": 1, "valid_loss": 7.940310478210449, "valid_perplexity": 2808.232177734375, "_wandb": {"runtime": 4}}