{"loss": 0.598670482635498, "time": 5030.6109092235565, "step": 7400, "_timestamp": 1713268827.4749784, "_runtime": 5033.453090429306, "_step": 89, "valid_loss": 3.144834280014038, "valid_perplexity": 23.21582794189453}