{"loss": 0.6483615636825562, "time": 5189.7567529678345, "step": 13900, "_timestamp": 1713268840.1521494, "_runtime": 5195.174040555954, "_step": 167, "valid_loss": 3.007185935974121, "valid_perplexity": 20.230390548706055}